{"cameraMode":{"drawMode":0,"name":"Shaded","section":"Shading Mode"},"sceneLighting":true,"audioPlay":false,"sceneViewState":{"m_AlwaysRefresh":false,"showFog":true,"showSkybox":true,"showFlares":true,"showImageEffects":true,"showParticleSystems":true,"showVisualEffectGraphs":true,"m_FxEnabled":true},"in2DMode":false,"pivot":{"x":1.0086969137191773,"y":3.1607494354248049,"z":-6.435144424438477},"rotation":{"x":-0.0012475467519834638,"y":0.9895853996276856,"z":-0.1438063234090805,"w":-0.00861000269651413},"size":15.994338989257813,"orthographic":false}